作者,赞同数,评论数,字数,精华评分,更新时间,回答内容
谢奇峰,5127,450,417,72.4,2026-09-20 10:13,方便面不要直接煮，在你很穷没有任何虾、牛肉、鱼片的情况下。你需要去偷一个鸡蛋，把一个鸡蛋打在碗里，加上方便面调料，用筷子打搅拌，这个步骤和做鸡蛋羹一致。打匀后把方便面的面饼放在蛋液里边儿~后边就是开火水蒸，和蒸鸡蛋羹一样。好吃，是半夜偷吃的无上秘籍。秘方具模糊的记忆，来自网络上温州还是台州的网友泄漏的天机。——不用谢我。——————————二更：我看到很多人都说要偷鸡蛋，这个是我不好，就我顺口一说的事。大家还是尽量从自己养小鸡开始，自己动手丰衣足食，要有社会主义核心价值观嘛。补充一个方便面的问题，最好是老的方便面只有粉料包的，现在的方便面都有油料包，统统丢掉不要，只要粉料包。方便面可以选海鲜方便面，退而求其次红烧牛肉，别的面都比较重口，比如酸菜面什么的，它口味就是酸的……你这鸡蛋羹就馊啦！——————————三更：好多盆友还是不清楚放多少水，是不是干蒸（不是干蒸的，可能和拌面搞混了）。那我就上灵魂插画啦：这样总清楚了挖：）
知否,3209,83,401,63.8,2026-09-02 12:53,既然你都这么问了，那我就莫名其妙地告诉你一个绝对能在关键时刻用的上的数字冷知识，在大学里，不管是整理教授发来的课件，还是拼凑小组作业，你肯定遇到过需要保存别人文档里图片的情况。大多数人的做法是“右键另存为”或者直接截图，但这不仅效率极低，图片还会被严重压缩变糊。那要怎么操作才好呢？备份， 先复制一份你需要提取图片的 Word 或 PPT 文件，以防万一。改名， 将这个复制文件的后缀名从 .docx 或 .pptx 直接改成 .zip，如果在电脑上看不到后缀名，需要在文件夹设置里勾选“显示文件扩展名”。解压， 像平常一样解压这个 .zip 压缩包。找图，打开解压后的文件夹，依次进入 word - media ，如果是 PPT 则是 ppt - media。你会发现，文档里所有的图片全部整整齐齐地躺在这个文件夹里，而且全是未经压缩的高分辨率原图。下次写论文找素材时，这一招绝对能帮你省下大把时间。
立心从休学到大学,352,17,486,53.0,2026-09-03 09:19,我家孩子休学复学上的大学。开学前我教他一个冷知识，他到现在也不是每次都做，​但只要做了都觉得值。​课间去找授课老师随便聊两句。​聊什么都行。说今天讲的那个模型没完全懂也行，说老师你手机壳挺好看也行。关键是去搭那个话。因为那几分钟，老师坐在讲台前，其实也很无聊。有人主动来找他说话，​老师不会烦，反而觉得这个学生有主动性。​坚持下来你会发现，你能拿到的信息比同学多很多：哪章是考试重点、哪个项目值得参加、下学期选哪些课更好，这些老师可能不在课堂上讲，但课间聊天的时候会顺嘴说。我大学那会儿就是这么干的，所以孩子上大学前我特意跟他说了这件事。但他有时候就是不好意思去，我也没逼他。​去了的那些，回来都说有用。​其实这冷知识背后有个更重要的东西，大学和高中最大的区别是：你不主动，没人会来找你。​老师不会像高中班主任那样盯着你，辅导员也不会主动敲你宿舍门。​所有机会、信息、资源，都在 你愿不愿意迈那一步 里。​休学复学的孩子尤其需要知道这一点。他们最怕跟老师打交道，总觉得老师高高在上。但真走近了才发现，老师课间坐在那儿玩手机，跟你一样无聊 迈出那一步，比聊什么内容重要得多。
极个别的同志,194,31,633,50.8,2026-09-21 15:25,运动的收益真的很大。老婆是大学老师，有时候陪她住在学校，就会在学校操场跑步，有一次我就发现操场上一堆学生，拿着个手机，嘴里骂骂咧咧的，穿着打扮都不像是来锻炼身体的，一问才知道，原来是学校有强制跑步时间要求，哈哈哈。然后我在社媒上搜索了一下，发现大多都是骂这个制度的，喜欢跑步的骂，说一堆龟速跑的挡住跑道，不喜欢跑步的更骂，说跑的慢时间作废，跑的快时间也作废，最后都便宜了咸鱼代跑。我也觉得这个制度挺蠢的，毕竟大学生都成年人了，自己的身体自己不会管吗，搞得跟小学生做广播体操一样。而且运动又不止跑步这一种，非要逼所有人跑步。但是吧，话又说回来了，这个制度傻，不代表运动本身傻，运动的收益真的很大，在大学这个时间较为充裕的时期养成运动的习惯，真的能让一个人受益终身。为什么偏偏是大学？因为习惯这东西，挑环境。养成一个运动习惯，需要大块的时间、稳定的节奏，还得有点多余的精力。这三样凑齐是什么时候？就是大学。毕业以后你再试试。早上七点起床挤地铁，晚上加完班到家八点半，往沙发上一瘫，刷手机刷到十二点。周末先补觉，补完觉收拾屋子，一下午就没了。这时候想从零开始运动？你见过几个上了班的人，靠下班后的毅力把运动
warfalcon,125,7,3518,49.4,2026-09-04 11:19,这是几年前我家孩子上大一的时候，跟孩子讨论过的话题：大学生最容易错过的福利，通常不是满减券，而是学校已经替你买单、却藏在不同部门网页里的服务。你以为自己在选一门“老师宽松”的课、在努力认识更多人，其实都在做同一件事：寻找一个投入可控、规则清楚、能快速得到反馈的环境。这套方法比记住一串校园传说耐用得多。学校已经替你付过的钱校园福利分成四类：你有资格但不知道的，你知道却没用过的，你以为全国通用其实只在本校成立的，以及根本不能碰的违规“秘籍”。打开学校官网，按“图书馆、信息化、学生资助、体育部、就业中心、心理中心”逐个搜，给每条公告记四个字段：适用对象、办理入口、截止时间、是否实名。几个经常被漏掉的入口：图书馆数据库和馆际服务。 教育部规程把高校图书馆定义为文献信息资源中心，很多学校还提供校外访问、文献传递、检索培训。你要查的是本校图书馆的“数据库导航”和“远程访问”，不是在网上找来路不明的账号。具体能用哪些数据库，以本校采购清单为准。正版软件和校园账号。 有的学校采购 Windows、Office、杀毒软件、邮箱或云盘服务。安徽师范大学的公开通知就写明，校园网用户可使用学校提供的微软正版软
日辛说,118,6,2751,48.1,2026-09-03 13:57,花费两天时间，把大学里面的那些高端信息差or冷知识，通通盘了一遍，并且全部记录下来，送给有需要的人。相信我，看完这篇攻略，你就是大学里的头号玩家，拿着这张藏宝图，在对的时间做对的事儿，占尽天时地利人和。带着透视+前瞻视角，体验大学生活，享受惬意人生，至于所谓的校内福利、奖金等等等等？？？我全都要！！！拜托拜托：如果家人们觉得真正受用，点赞收藏就是对我的最大支持了，也希望可以让更多人看到并为之受益，话不多说，咱们开始正题。1.班委只有班长和团支书有用，就是世俗意义中的那种有用，你懂我意思，因为这两个优先入dang，方便以后考公等。另外按照规律来讲，一般开学前，在群里很活跃，很喜欢提建议的，喜欢在导员眼前晃悠的，基本都可以当班委。2.学生会除非你非常喜欢，特别喜欢，或者想拓圈，认识点男生女生，这种情况下，你才加，反之，不用加。3.大学里面消息最灵通的当属辅导员，各种优待政策，他拿的都是一手资讯，所以如果有疑问，可以随时打电话问他，不要不好意思，辅导员的责任就是服务于班级群体，是学生的大家长。4.班主任的角色，相当于挂职，也就是说，平时你们基本见不到面，属于名义上你这个班级的班主任。5.谨防
melonknight,258,12,342,47.8,2026-09-22 17:13,有些学生可能容易紧张，甚至在面临重要事情的时候会满头大汗，结结巴巴，甚至这次失态又会影响下次。“紧张”用医学术语来说其实就是心悸，平常其实没多大事。对此，有一种药叫盐酸普萘洛尔片（高血压用药），阿普唑仑（精神用药），或者搜其他抗压力治疗心悸的药，在面临自己非常看重的事情时候，比如面试，汇报，驾考之类，可以提前半小时吃一片，这种药能从生理上抑制你的紧张，接下来你就会心静如水。当然这些只是应急的，重要的还是学会调整心态。我之前的心理技巧就是告诉自己，不过做的怎样 明天这个时候我已经在吃放纵餐了，多经历几次，人总能成长的。分割线……居然有这么多人收藏，可恶。再强调一下，药品只是应急的，一定不要遇事就来一片。男女孩子们都给我去练肌肉，锻炼真能彻底改变一个人气质，往那一站你就是最强的。
老白,105,21,790,47.0,2026-09-04 00:51,说几个关于四六级的，大部分人考了都不知道。 1. 四六级其实没有“及格线”。 官方从来没规定过 425 分及格。425 只是“允许报考六级”的资格线，你的成绩单上只有分数，没有“合格”两个字——也就是说，424 分和 425 分的差距只是“能不能报六级”，而不是“过没过”。 2. 你的四六级分数不是卷面分。 成绩单上的 710 分制是“常模转换分”。简单说，卷子难的年份大家分数都会被拉上去，因为算的是你在全体考生里的排名位置。所以会有“感觉考砸了但分不低”的情况，那年题难，大家都砸。 3. 考纲里有 1500 多个词，从来没考过。 我把 2015–2025 年全部 73 套四级真题喂给程序统计了一遍：考纲词里有 1546 个词十年间一次都没出现过；真正反复出现的高频词只有 1367 个。时间紧的话，优先级是“真题高频词 → 其他考纲词 → 从没考过的词”。从 abandon 开始按字母背是最亏的背法。 4. 每次考试发 3 套卷子，但听力只有 2 套录音。 四六级每次考试有 3 套并行卷防作弊，但听力音频只做了 2 套，第 3 套卷的听力材料和第1套或第2套是一样的。所以你考完和同学对
热忱ing,143,6,1408,46.9,2026-08-31 16:18,那可太能了，我预判你是会考研的，所以我打算第一个知识就教给你的是在大学考研结束之后去翻垃圾桶，垃圾桶里很有可能会有考研的书籍，然后在书籍里有学长和学姐留下来的在书中的笔记或者是知识思路。对你考研有帮助，这个是无价的第二个我觉得你会去图书馆，大学里的校园卡除了吃饭刷卡进出校门之外，还有一个很少有人留意的用处，不少高校图书馆、体育馆、部分校内实验室，凭借校园卡可以免费对外租借充电宝、雨伞、三脚架甚至部分测量工具，很多新生只知道拿它去食堂消费，根本不清楚这项福利，等到下雨天没带伞或者电子设备没电的时候只会想着花钱外购。现在有的校园卡支持NFC 这东西就直接用手机都可以，非常方便第三个很多大学生不清楚，学校教务处或者学院办公室的存档文件里，可以免费申请打印自己的成绩单、在读证明等官方材料，不需要自己跑到校外打印店花钱做，不少同学准备竞赛、夏令营、申请项目的时候，会自己花钱排版打印，却不知道校内官方出具的版本不仅具备正规效力，大多还对在校生提供有限次数的免费打印，既可以避免自己排版出错造成材料无效，也能省下不少零碎的开支。第四个参加校内各类竞赛拿到奖项之后，相关获奖材料可以在学院教学办申请归档留
佳人李大花,108,11,1780,46.9,2026-08-31 14:44,我也不知道够不够冷，反正能想到的就那么随口一说……1、现在上下铺仍然很常见，床帘仍然很常见，但大家一定要记住，床帘遮的只有视线，你躲在床上打电话，抱着炕桌看综艺吃螺蛳粉啥的，舍友们还是可以听到、闻到的，不要自欺欺人，那些你不想听到闻到的事情，尽量别在床上做……2、住在上铺的兄弟姐妹们，尽量别在床上放水，即使放，也一定要确保自己的杯子不漏水，拧紧了盖子，否则不仅你自己的被褥危，下铺的人也危，别问我怎么知道的……3、住上铺的拖鞋尽量放到爬下来就能顺脚穿上的位置，否则半夜黑乎乎的起个夜，就算你能接受光脚走进厕所，可是万一被自己的拖鞋绊个跟头就不美了……当然也别把拖鞋放在路中央，否则转天一早你可能起床第一件事就是满地找拖鞋。4、南方宿舍，尤其是梅雨季的南方宿舍，把摆在桌子上的那排从食品包装袋里拿出来的干燥剂赶紧扔了吧，对于祛湿并没啥鸟用，只能证明你最近吃的不错……5、给自己长相普通的充电头、充电宝、充电线、雨伞啥的想辙做个永久标记，至少是不会一蹭就掉的标记，透明雨伞之类的东西不做标记的话，就当消耗品看待。6、端汤走路时，看路，不要一直盯着汤。一直盯着汤，人会下意识不断修正餐盘，容易越晃越厉害。
鱼在锅中游,267,12,69,44.6,2026-09-14 11:06,如果拿不准买什么电脑，又懒得做攻略的话，可以先不买，然后入学第一周看看自己寝室的同学用的什么型号电脑，使用体验啥样，挑一款你感觉不错的再买
是小阿芽呀,65,3,1390,43.6,2026-09-10 15:18,不算冷知识，但以我毕业后带新人的经验，这个你应该用得上：“善用搜索、善用工具”。很多东西你不用“学会了才能做”，你可以边学边做，需要的时候现学现卖，来得及的。已经是ai时代了，你查了就能学，学了就能用，用了如果忘了，那就说明是低频需求，不会也没关系。用了记住的，自然就成为你的技能了。所以不要给自己设限，闯去吧~~~1、教程类通用解决方式你们在用电脑做任何的作业、任务时，或者你遇到任何问题，你觉得又琐碎又麻烦的时候。不要死磕，不要想着“费时间就费时间吧，反正我有的是时间”。直接去搜索“xxx应该怎么办”。90%的情况下，都是有更高效、更快速的解决方法的，完全不需要死磕。比如前面有人提到的，保存PPT里的所有图片，就是这样一个很具体的场景。这个问题叫：PPT里的图片如何一键保存？你可以去百度搜索，结果如下：你也可以去小红书搜索，那边的教程都是保姆级的，截图＋文字指导，谁都能学会那种。不过我这里不给你展示这个内容，我给你看一看关键词，你可以了解下这个互联网有多少种技能。同理，其实任何你不熟知、但你想知道的东西，都可以用这两个途径来解决。小红书更细节，百度的资料库更全。知乎就算了，知乎适合吹水
发光中,30,32,1445,43.5,2026-09-17 21:13,最大的冷知识，其实就是信息差在大学，很多隐藏规则是没人告诉你的，你需要自己去问一、能薅的羊毛与发展规划，比如：1. 课本不用买新的大部分学校都有自己的二手群，学长学姐会低价出课本和资料，比每学期课本全价买省不少钱。 2. 校园集市有宝藏上面能买到学习重点资料、历年真题、各科笔记，很多是学长学姐整理好的、代代相传，能比你自己从头到尾梳理知识节省很多时间。 3. 期末考试有速成课B站上名校老师的速成课，有思政、近代史、毛概这类公共课，也有各种专业课讲解视频与习题讲解，哪怕一学期没学，考前看一看也能补很多基础。4. 四六级趁早考一般每开学刚开学就会发通知让报名，很多人不知道要提前准备，尽量大一就开始备考、分阶段刷题训练，能大一考完就全部考完，越往后拖高考英语基础会遗忘更多，而且每次等到学校通知再准备，时间很紧张。 5. 入团入党要趁早大一就要提交申请书，当个小班委或学生干部加上不错的成绩能大大提高概率；想入团，加入院学生会、青马工程，会有意想不到的帮助。时间线很重要，把握住申请、竞选、培训、考试、推荐各环节，赶早不赶晚。二、怎么判断选修课老师松不松： 1.直接问直系学长学姐，这是最靠谱的渠道
阿斯塔罗特,73,8,516,43.4,2026-09-22 23:02,我不知道冷不冷，但应该实用？毕业求职投简历的时候，尤其是校招的时候，完全忽视所有企业的专业要求，不要管他们要什么专业，文科理科工科啥玩意儿对你来说都当那是放屁。你只管看着喜欢的企业投，你管它喜不喜欢你，它不喜欢你还能追到宿舍来找你要一块钱？只要你喜欢它就行了。简历上面，会的就是精通，摸过就是擅长，听说过就是会，反正会有入职培训的，实在不行还能问豆包。一切以把自己倒腾进工作岗位为目的。首要目标是找到工作，只有N个offer放你面前了，才是你的抉择时刻。就像高考，你要先有一个分数再来选哪个大学，不要搞反了。很多负责招聘的人，自己都不知道自己的岗位需要啥专业的，只是根据经验写了一些所需专业上去，但是各个高校的专业其实经常改名字，改课，没写上去的专业不是完全没机会，你的简历上展示你的几门主要（尤其是成绩好的）专业课，哪怕专业八竿子打不着，专业课打着了，也是有可能被选上的。这个套路我当辅导员的时候教给过我那个专业的学生，后来这个专业那一届的学生是历届以来就业率最高的一届，学校一堆老师来问我到底有啥经验……其实就是超市里面大卖场的逻辑——管它青的红的先往购物车里放，到了结账的时候再慢慢挑，不要的就
Jim Hu,58,4,1954,42.8,2026-08-31 23:34,我回顾了我大学生涯，这些要是早点知道就好了。一、选课1. 体育课要零点蹲守有的大学太极拳要强制学一学期，除此之外体育课都要自己抢，热门课零点开抢，一两分钟就没了，所以你看到指针0：00就刷新页面，疯狂点，总有希望抢到的。我手速慢，连着几个学期捡别人剩下的，学的是舞狮，健美操，跆拳道。一个班都没几个人，逃课都逃不了。一般来说热门课有：羽毛球、乒乓球、游泳、瑜伽、体育舞蹈、飞盘、匹克球等等。这些要么好玩，要么好过，要么上着舒适。我室友当年选游泳，因为他想看美女。上完第一节课回来说哎妈呀全班都是男的。他复盘了三小时，结论是选课信息不能靠直觉。所以选课之前，最好先问上一届，学长学姐的经验比什么都强。2. 选修课，先打听老师选修课选的时候不要只看课名，得看老师。同一门课，两个老师能上出两种体验。打听四件事：点不点名，给分高不高，作业多不多，期末考还是平时分说了算。问上一届，看校园墙，十分钟省一个学期的难受。二、人3. 导员，平时刷个脸熟导员是大学里离你最近的老师，别当办手续的，也不用刻意去讨好，见面打个招呼，有事及时说，让他认识你就够了，除非你社交能力很强另说。因为奖学金、助学金、请假、评优都经
罗纳尔琨,169,7,200,42.8,2026-09-20 10:48,翻垃圾桶的时候记得带根棍子，因为垃圾桶里面经常有别人扔的碎玻璃，碎碗，针头等等尖锐物体，徒手翻容易被划伤手，伤口感染发炎去一次医院花的钱，捡半个月垃圾都挣不回来。没钱吃饭的话，就凌晨3-4点起床去菜市场，有很多品相不好的蔬菜会被处理掉，你捡回来吃就行了。每年都会有很多学长学姐处理个人物品，你去挑个小功率煮锅（很多大学功率超过800w会限电），5-10块钱就能买到，捡回来的东西煮一煮，避免吃坏肚子。
水隼,87,3,385,42.5,2026-09-20 17:31,对于大学生而言，最实用的冷知识就是父母之间的关系，永远比他们同你要亲。一般来讲，在高考过后，会有一个“离婚潮”。至少当年我的同学们，有很多，父母都是在孩子高考后的暑假，觉得终于熬完了，可以离婚了。所以，那些未离婚的双亲，婚姻必定是幸福的！很多家长往往会在高考后，觉得孩子没什么压力了，给孩子诉说家庭琐事。这个时候你千万不要想着调和家中矛盾，千万不要表明你的立场，你的态度，你的想法。就比如，你老娘打电话过来，在你跟前抱怨你老爹不顾家天天打牌不回家，你爹抽烟喝酒烫头……这个时候，你千万不能顺着你老娘的话，说你老爹的坏话。否则你将会在几天后发现，你在你老娘跟前说的话，你爹全知道了。你回家的时候会被他俩混合双打：“原来你在背后是这么想你爹的啊！不孝子/女！”“我和你爹是平的，我能讲这些话，你不能！”父母的本质是谈了20年的小情侣，而且他们不光牵过手了，甚至已经亲过嘴了！
T2E1584650,48,10,129,42.4,2026-09-03 00:08,我来讲一个常见点的，网易云挺多人用吧，用过就知道这里面大部分歌曲都需要开会员才能听完整，如果你嫌麻烦不想自己去下载歌曲或者喜欢它的功能，想继续开会员的话，在它的搜索框输入 黑胶vip学生特惠 ，从活动入口按照步骤操作就可以以5元的折扣价连续包月VIP会员了～
朱莉贝克,569,12,21,42.3,2026-09-09 02:48,考试周之前试试看去找打印店的老板，有奇效。
晏北,55,2,1548,42.2,2026-10-02 10:58,主动检索信息的能力，记住一句话：被动喂到嘴里的东西，往往都是符合别人利益的事，真正符合自身利益的东西，得你自己探索。这里的“别人”，包括校领导、老师、宿管、利维坦、注意力商人……你对别人喂到嘴里的东西完全照做，固然安全，却也掐断了自己成长的可能性，照着别人规划好的路径一步一步走，最多只能成为庸才。如何主动检索信息？首先要掌握一些基本技能，比如，科学上网，这事类似一层窗户纸，捅破之后就离不开了，因为没有人愿意双眼复明后再回到失明状态，试着自己鼓捣鼓捣，如果不行，那就找一个会的同学，请人家吃顿饭，让TA帮你搞定。搞定科学上网后，可以把Zlibrary之类的实用网站收藏下来，会很有帮助。比如，Google之类的英文检索工具，中英文检索工具效率存在巨大差异，同一个关键词，分别使用Google和百度进行检索，对比非常明显，前者找到有用信息所需花费的时间，大概是后者的N分之一，这还不算在后者点进去一堆莫名其妙的网站带来的风险。比如，习惯每天使用AI，不管哪个专业都是如此，AI在未来注定是电力、互联网这样的基础设施，尽早将它嵌入工作流，比如你看一篇文献，某个地方看不懂，可以上传附件后问它，问得越具体
Triborg,78,3,1087,41.5,2026-09-03 23:48,1. 学一个搏斗技术。当年我们宿舍学的是散打。女生也去学习了跆拳道之类。一句名言是：你遇到劫匪，难道给他跳一段健美操吗？当时2002年，天津市也不是百分之百安全，新东方员工就有晚上被打劫走十几万的。2. 乐器可以玩玩，但一般人也就大一第一学期有兴趣有闲功夫搞。所以不是特别熟，就别买吉他。3. 学校图书馆的书浩如烟海，请善加利用。特别是期刊，《大学物理》《大学化学》之类的。虽然水平不高，但可以作为进入科研世界的门径。4. 多去听报告。听多了就理解了人生。内容反而是最次要的。5. 大学期间谈恋爱是人生最非功利、最能追求纯粹爱情的时间段。往后的恋爱多是交易，又是彩礼又是房子的，所以珍惜机会吧。没机会也不要气馁，男人六十岁都可以让女人怀孕，甚至更老，参考邓文迪给默多克生的孩子。《封神演义》里姜子牙七十二岁当新郎，娶到六十八岁黄花闺女马氏。所以人生还长，大学期间没谈过恋爱也没事。女同胞这块我不清楚。6. 生命诚可贵，爱情价更高。但男生最重要的还是事业。上海来说，经常看到“大四女生提出分手”，理由一般是男生起薪过低，买不起房，以后大概率回老家生活导致的。反之我们系曾经有位学生，大二就开始创业，大四
Lance不懒,152,16,44,41.1,2026-09-02 10:50,谢邀，作为毕业11年的还能收到这个实属非常莫名其妙实用的冷知识：男同志请使用湿厕纸擦屁股
王富贵儿,45,1,2788,41.1,2026-09-21 18:12,如果你打算考公，知道有几种编制吗？3种，除了行政编，事业编之外，还有一个军队编。如果把相对稳定的央国企算0.5个，那就是3.5种。【央国企不能算铁饭碗，倒闭裁员的多了去，只是相对私企稳定。】那这3.5种编制待遇怎么样？它们的区别又是什么？分别怎么考？今天我们就把这3.5个铁饭碗的收入待遇、上升路径，如何考试一次性讲透。这应该算一个超级实用的冷知识了吧。首先，公务员，对应的是行政编。行政编是所有编制中的天花板，属于国家行政编制，入职后不签劳动合同，而是由国家录用任命，所以和政府不受劳动关系，有试用期和最低服务期限。公务员适用的是公务员法，而非普通打工人的劳动法，所以也就没有加班费、三倍工资这些。部分单位加班值班非常凶，在多次精简部门单位合并之后，现在不存在一张报纸一杯茶过一天的情况。公务员档案是当地组织部门统一管理，就像各级的党政机关、人大、政协、法院、检察院、纪委监委等等，用的都是行政编制。工资待遇由国家财政全额保障，可以说是最稳定，最有保障的铁饭碗，除非自己不想干，或者犯了原则性错误，否则根本不可能失业。但会出现降薪的情况……福利待遇也是最完善，津贴补贴、年终绩效、五险一金、房补车补
Sean,39,5,1019,39.9,2026-08-31 15:52,一份大学生冷知识地下攻略送给大家~包含但不限于：怎么白嫖、怎么选课、怎么快速交朋友~一、学生身份能耗的羊毛先说实惠：学信网可以给你带来海底捞69折扣，高铁学生票每年4次区间75折，当地的旅游景点半价/免费，苹果/华为数码产品的教育优惠，京东学生认证专属价。（这些羊毛该薅就薅，主打节约）教育邮箱：可以申请.edu邮箱可以白嫖GitHub Student Pack（含域名、云服务器额度）、Notion终身免费、JetBrains、Apple教育优惠、Figma专业版学校图书馆买了很多数据库，免费借书、免费的打印额度，这些对于后续大学备考资料岂不是省钱搓串了二、选课问题：这门课程到底松不松？老师风格速判查学校的评教系统，学生对于老师的评价几何？ 最好的方式直接问直系学长学姐，来时路他肯定清楚，前提是得靠谱，就问平时分占比多少？考试题目考原题不？经常需要签到不？选课主打选择分高轻松型老师，没这方面资源那就选择校园表白墙金钱发力~ 付一点小钱换一个学期的自在你说划算不？ PPT 混子型 PPT 都不熟，大概率还是自己学生做的。全程念稿子，念到你自己都快睡着了。这种课考试通常划重点就完事，但上课体
TuskedEvening0,75,0,1456,39.6,2026-09-20 20:47,记得看一遍学生手册，大学四年总有你用上的一条。如果你家里实在穷困潦倒，揭不开锅，不要看花呗等等，直接在你的录取通知书文件袋里找这样一份文件：当然不止这一个，还会有：你以为这就完了？哈哈，想多了，人直接把表给你了。如果你先前签下了花呗，你直接去申请助学贷款，然后把花呗还上。花呗属于小贷，利息特别高，而助学贷款在大学四年没有利息。当然，如果你恰巧和我一个大学，又恰巧学的专业跟我一样，欢迎参阅：西安工大物联网工程生存指南也建议直接私信。我写这个是被逼到没招了，大学四年找不到学长，也没有遗留资料，我一度以为我们没有学长。如果你不是，我强烈建议在哪里随便问问有没有学长，最好是大四的，然后要他大学四年的所有资料，包括作业。这样能省下来特别多的时间，足够让你随意探索。大学的探索时间极其宝贵，希望你能探索出一些名堂，在这个经济下行的年代闯出自己的一片天。有些东西该放弃就放弃，不要试图做多面手。Pio Wonsler | 真玩不会SDR:其实上进之类也得讲性价比，或者专业一点，最优解教员说过，方向错了，知识越多越反动，你需要找到一个最优解，而不是梭哈挂了四门，保研？其实要我的话我会直接放弃考研这回事，一
你怎么不吃鱼,97,0,96,38.2,2026-09-01 11:05,专业课。专业课一门就一个老师一直上，由于小众专业，所以考试能出的题几十年来无非就是这些。。。。。老师一般也懒得出新的题，所以，只需要收集得够多，上场全是原题。哪怕考试不是原题，补考也是。。。。
神秘太空人,69,11,71,38.2,2026-09-01 11:08,尽量不要在学校内外实体门店进行消费，都是专门针对你的套路。 当地打工人聚集的地方才是真实的物价，尽量融入当地人视角，用合理的物价来花掉生活费。
老抠儿,50,3,86,38.0,2026-09-02 16:53,你问题下面那些举例一个有用的都没有，我给你最实用的建议：自学一下《劳动法》、《劳动合同法》、未来可能就业地区的《人口与计划生育条例》。如果不想用到这些，那就学好英语进外企。
夜归人,16,4,377,36.9,2026-09-22 14:15,炒蛋炒饭的时候，冷饭会黏成一团，下锅铲半天也不好散开1.可以在炒饭前，将蛋黄单独加入冷饭搅拌，帮助饭团散开2.然后将这部分饭下锅炒至松散捞出备用3.将分离出的蛋清下锅炒成蛋松，这个步骤可以根据口味加入葱头、玉米粒、香肠粒等，不加也行4.再将之前炒好的米饭回锅共同翻炒5.调味使用盐+味精的组合，为了保持美观，不建议用酱油替换（饿极了可以，用酱油更简单便捷，味道没差太多）。最终成品就是米饭粒粒金黄，再加上蛋白颜色对比，我叫它金银炒饭优点：解决了冷饭下锅成团的问题，且成品颜值高缺点：盐+味精的组合相对于酱油需要更多的翻炒，否则结晶没有化开会影响口感注：蛋白蛋清的简单分离方法：先将鸡蛋外壳用清水洗净，然后在下方放置一个空碗，蛋壳撬开两半后，开口朝上，小心来回倾倒蛋黄，期间蛋白会被锋利的蛋壳边缘切割，并随着蛋壳外壁落入下方空碗。最终只剩蛋黄还留在蛋壳内。
心流帕露西,9,2,3824,35.4,2026-09-13 16:22,薅羊毛其实不重要，卖校园卡就行，学校里有同学一个月卖卡赚了有小三万。不过说实在的，这些都是表面得蝇头小利，应该着眼于未来，大学里最值钱的羊毛，是提前一年知道别人到大三九月才知道的规则；最厉害的路透，是在机会出现之前，自己已经满足了报名条件。选修课哪个老师给分宽松、食堂几点打折、怎么快速认识朋友，这些当然有用，但最多影响一个学期过得舒不舒服，培养方案、推免细则、奖学金办法、交换项目通知和往年录取名单，却可能直接改变四年后的出口。很多大学生到了大三才突然听说：“原来我们学院保研只看第一次考试成绩”“原来某项比赛根本不加分”“原来学校没有推免资格”“原来国外这个专业要求修过微积分和统计学”，这时再努力，也可能已经没有足够时间补课。布迪厄把这种提前知道制度如何运行的能力看作一种“文化资本”，人与人的差距，不只来自谁更聪明、谁更勤奋，也来自谁更早知道哪些规则真正重要，所以，大学最有用的“路透”其实是：先决定自己准备从哪扇门出去，再决定大学里哪些事情值得做。如果想保研，入学后应该先查一个非常现实的问题：自己的学校有没有推免资格。并不是所有本科院校都能推荐免试研究生，中国研招网会公布具有推免资格的高
米洋,22,2,582,35.1,2026-09-01 11:41,冷不冷不知道，但是肯定是实用的。一，大学的图书馆的书要好好薅一下。进入社会后，一到周末就泡图书馆和书店的我发现一个很严峻的问题，很多装帧极好，厚重的书是经常锁在柜子里的，没去问，也不知道怎么拿来看，但是在自己学校就非常不一样，不管装帧多好，也不管多冷门和多年代久远的藏书，随便你看，一张借书卡就可以搞定，问都不用问，可能这就是自家的书和外面的书的区别把。我想是因为大家至少不会损坏母校的一草一木的。二，学校里的免费游泳馆，网球场等在外面都是收费很高的，而且都离住宅区不一定近，好好享用下。三，学校的饭菜出自天南地北的厨师，价格却是比外面便宜很多的。有些人认为味道比外面差了一点（本地人都这么说），但是我去吃了他们推荐外面的，我反而觉得还是学校的特色餐馆更好吃，后来到了社会上，无论山珍海味，我都觉得学校食堂或者特色餐馆的饭菜都别有一番风味，后来，我才觉得，也许吃饭就是吃的一种情怀，跟食物本身的味道的好坏真的没有太大关系。三，可以和在外面有业务往来的老师适当走近点，至少对你在心理上提前适应外面的世界是有很大帮助的，好的时候老师也会象征性给点报酬的，但是前提条件下，也要注意和其他任课老师的关系。四，
完颜皓,192,0,38,34.9,2026-09-03 16:50,别怕学生会，他们不会对你造成任何实质影响，但你也别上赶着惹人家，毕竟都是同学
江湖骗子,116,6,45,34.8,2026-09-03 15:49,很多邪jiao传播，专门盯着高校新生。特别是大城市高校新生，路上遇到陌生人搭讪的千万小心。
令一一,31,4,100,34.2,2026-09-22 15:14,如果莫名其妙被骗去注册了一堆证券账户，记得去小程序中国结算注销掉。——二编：这个程序主要用来获取账户明细，得到明细以后，如果不清楚注销流程，就上网查一下你注册账户的券商客服电话询问注销流程就可以了^^
Lifeisgood,28,2,162,33.9,2026-09-17 10:09,分享一个Win11的小技巧吧，不过好像Win10不支持。平时咱们调节音量，都是鼠标移动到右下角小喇叭上，点击，然后在尺度上来回拖动或者点击。一个更简便的办法是：将光标悬停在小喇叭上，然后用滚轮就可以调节啦。欢迎点赞和收藏，不客气。-补充：乎友冷同学说：win10也是可以的。版本 Windows 10 专业版版本号 22H2
杨阳羊,7,3,2548,33.0,2026-09-18 22:52,看了这道题下面的 39 个回答。30 个在列清单：班委、学生会、辅导员、教材、洗衣机。 9 个在列羊毛：校园卡 NFC、校邮箱、档案馆。没一条写人。我给你 18 条冷知识，前排没人塞过，因为这些经验都不写在任何手册里。是生活在这所大学四年，被生活慢慢按在脸上的。知道了没用，等你用上的时候才值钱。1、 教务处的门永远开着，不用理由、不用预约、不用看脸色。这是大学里少数几个不卡你的地方。大部分人到大四才反应过来，原来自己躲了三年的那扇门，推开就推开了。2、 食堂阿姨记住你爱吃什么，比记住你名字还早。这是大学里少数几个先认人再认事的地方。下次去打饭报一句还是老三样，阿姨多给你一勺菜不是因为菜多，是因为你被认出来了。3、 宿管阿姨知道整栋楼的八卦，但只对不打扰的人说。这是大学里少数几个信息免费但得先用礼貌换的地方。礼貌敲两次门，会比加一百个群更快知道楼里在发生什么。4、 图书馆 B1 常年没人，自习天堂。一层以上的座位要抢，B1 那层永远有位，带杯水能坐一整天。原因不是 B1 不好，是大多数人不下去；人少的代价是没人告诉你这件事。5、 学校健身房常年人少设备新。校办月卡比外面便宜十倍，但大多数
杨大少的四号机,63,13,32,32.9,2026-09-18 22:59,如果你的头发出油，然后毛孔堵塞，起痘还带血，你可以试试用香皂洗头
小满职场,6,3,1860,32.9,2026-09-22 12:54,如果你刚进大学校园，知道有几种隐藏福利吗？福利，选课、识人，本质其实都在做同一件事：寻找一个投入可控、规则清楚、能快速得到正反馈的环境。一、解锁校园隐藏福利校园福利分成四类：1、你有资格但不知道的；2、你知道却没用过的；3、你以为全国通用其实只在本校成立的；4、根本碰都不能碰的违规“秘籍”。首先，你打开学校官网，按“图书馆、信息化、学生资助、体育部、就业中心、心理中心”逐个搜，给每条公告记四个字段：适用对象、办理入口、截止时间、是否需要实名验证。⭕说几个经常被漏掉的入口：⭐图书馆数据库和馆际服务。 教育部规程把高校图书馆定义为文献信息资源中心，很多学校还提供校外访问、文献传递、检索培训。你要查的是本校图书馆的“数据库导航”和“远程访问”，不是在网上找来路不明的账号分享的无用知识。具体能用哪些数据库，以本校采购清单为准。⭐正版软件和校园账号。 有的学校采购 Windows、Office、杀毒软件、邮箱或云盘服务。如安徽师范大学的公开通知就写明：校园网用户可使用学校提供的微软正版软件。 这不是师范类院校统一福利，你得去信息化部门搜“正版软件”“统一身份认证”，用自己的学号登录。⭐国家高等教
啊哈,95,4,37,32.5,2026-09-13 23:26,papi酱拍的所有关于公司里的、职场的情景和事件，大部分上班族都没经历过。
卡戎,59,13,30,32.4,2026-08-31 15:56,下载一本上海交通大学生存手册，认真读一遍，让你大学少走弯路。
刘志恒,11,0,598,31.8,2026-09-03 08:08,这是我大一的时候自己研究的，对我而言确实有很大的作用，我希望你用不上，但如果有需要的话，希望可以帮到你。这个法子就是:多报学分低的选修课我先说一下背景，再解释这样做的目的。我上大学的时候，想拿毕业证要求每科都及格，想拿学位证，需要绩点达到一定程度（具体不记得了）。由于绩点计算比较麻烦，因此可以等同于:大学四年所有科目的平均分，要高于一定的分值也就意味着，平均分越高越好。同时，大学四年除了必修课外，还需要选修累计7.5学分的选修课，选修课的学分并不相同，有1分的，1.5分的，2分乃至3分的。不少同学为了少上几节课，抢着报学分高的课，最少可以3+3+1.5，四年下来只学三门选修就足够了。而我，在打听到选修课给分多的时候，就意识到，像我这样的学渣，应该多报几门选修课。因为选修课给分高，轻易就能90+，这样可以把我的平均分向上拉高不少。即使有很多60分漂过的课，也不用担心绩点不够拿不到学位证。所以我在报选修课时，专门盯着学分最低的报，我也凭此轻易拿到了学位证。我并不清楚是否所有大学都有类似的规定，不过和其他大学的朋友交流时，已经确认有好几所大学是一样的。假如题主所在的大学也是这样的规定，那么题
猎晏焱,58,12,20,31.6,2026-09-03 07:55,只有一个无用的冷知道：大学生是干部身份。
盒4587,35,0,76,29.3,2026-09-23 09:08,人在睡眠之中，大脑其实仍然有部分在工作。所以在考研的时候，在睡觉前，可以在耳边播放培训教课音频。放一晚上，等早上醒来的时候，你会在不觉中增加了一些知识。
幼安,43,6,29,29.2,2026-09-17 08:55,大学里各种学生干部也好，社团负责人也好，出了社会，无人在乎
实验室的日与夜,4,2,824,28.9,2026-09-14 11:34,估计很多博主会从教学、科研和人际交往方面提一些冷知识。我觉得性生活还是要提一提的。我之前曾经在同圆桌下的其他话题中提及过：我举个不恰当的例子，谈恋爱和上床有没有可能出人命（各种都算，整个新生命出来也算），实验室仪器操作不当是不是也可能出人命？OK，后者严防死守，反复教学培训才能上岗。一周一小会，一月一大会，每学期一次应急演练，就是要反复强调这些实验仪器的操作规范以及实验室安全。前者完全没有教学，直接让弟弟妹妹们自由探索？这。。。这不对吧？！这都是人命关天的大事儿啊！那么我提及的知识就是：男同志们别总嫌弃避孕套不舒服，这玩意还是非常管用的。不仅避孕，对很多病也有很好的预防。男用乳胶避孕套是一种便捷、可逆的避孕方式。在全程规范佩戴、无破损滑脱的理想使用场景下，第一年避孕成功率可达 98%；而现实日常使用中，受佩戴时机、操作失误等因素影响，第一年避孕成功率约为 87%。不同于激素类避孕药物，避孕套不会干扰人体内分泌，停止使用后，即可正常备孕，适用人群更广。作为物理屏障，避孕套能够有效阻隔体液，对经体液传播的性传播疾病有明显防护作用。规范使用可降低 80%~95% 的 HIV 性传播风险，也能
Justkillme7,13,0,91,28.8,2026-09-18 23:00,判断选修课老师宽松程度的话，可以多问问学长学姐，上论坛搜搜，比如狐友，小红书，这俩是我体验感最好的，还能了解到一些别的八卦，放假时间之类的，其次是抖音，贴吧也还行不过现在用的人少了。
河马与大象,17,4,112,28.6,2026-09-21 04:23,擦屁股的时候，先用卫生纸把屁股擦干净，然后用湿纸巾擦一遍，再用卫生纸拭一下。强烈反对直接用湿纸巾擦的，屁屁上那么多粑粑，湿纸巾不仅擦不干净，甚至还会把粑粑抹匀，甚至粑粑还会溶解在湿纸巾里，必须得用卫生纸处理一下再用湿纸巾擦。
妖刀,7,0,914,28.6,2026-09-14 16:47,"同学们，你们一定要保存我这篇帖子。作为省优秀毕业生校优秀毕业生各种乱七八糟的奖项，拿到手软的前辈。本人将在本帖里毫无保留的给你们带来一些建议。首先开学了，查一查你们学校里有没有保研？每一学期评奖评优政策是怎么计算的？学校不是会发一个学生手册吗？里面都有你仔细看。然后明确你的目标，你接下来大学四年到底是想要直接就业还是想要考研还是想要考g。好了，我们说回正题哈，假设现在你是一个刚进学校的大学生，生活上面你要注意什么？首先,办张电话卡吧。毕业了发现套餐还是学校里的最便宜。起初在学校里我是不愿意买的，因为推销的太多。以为他们是骗子，实际上一定要搞流量卡，因为有流量才有自由，在学校里你想连Wi-Fi基本上不是很方便，而且你还要出去玩呢，到哪连呢其次开学了，如果想在寝室里面学习或者干麻的，可以买一个莲子，就是现在有那种一体式的，你挂在床垫的下面可以在你的床下面形成一个罩子空间很大，这个钱一定要花，因为大学四年的你买一个好一点的窗帘可以用四年很划算，哪怕说现在贵一点。另外像我这样贪图方便的人开学的时候东西能快递就快递先快递买好，在学校里的超市买绝对很坑，选择又少。好了，这个时候你基本上开学了，那请"
纳兰不若,28,1,103,28.5,2026-09-03 15:59,既然这么热，我来说一个。大学里论文库知网什么的基本都是免费。不是学校里的人外面好多行业需要写论文，阅读论文，网上找各种下载不了最新的。要是想下载都是收费的，一篇论文费用还不低。你的论文都是免费的。你懂了吧。
七九,6,0,1131,28.1,2026-09-07 10:37,不知道这些算不算冷知识。但或许会提供帮助？· 每学期总结复盘（8学期而已）自己的生活状态，情感状态，学习方式，心态转变，观念成长等，每一方面都回想总结一下。这个不牵扯文笔任何，记录下来，在大家都迷茫的时候，你会通过这些比其他人更清晰自己方向。·无论你家庭如何，生活费多少，建议每个月存100，100就好，不要断，过年红包多了也不必多加，坚持四年，毕业后的第一个月，或是在某些突兀“意外”时刻，你就会知道这样的意义。·在你现有学科专业涉及的所有讲课老师里，请一定一定最起码挑出一位欣赏的老师，然后这门课认真听，认真想。如有可能，多和这位老师互动，思考，请教。·不要急着成熟功利，人情世故游刃有余，多傻几年，没问题的。大学社团要挑感兴趣的、有趣的、今后想要一直参与的进。不要试图用“今后毕业/实习是否有帮助”来衡量，真到了找工作的那一步，你会发觉那些东西屁用没有。·在交友上，大学里的所有人际交往（室友、同学、所谓的圈子等等）。一旦觉察到不舒服的交际的就撤离，别纠缠、别改变自己，别轻易折了了自己逼格。·建议！一定长期坚持自己的爱好，或开始培养一项或多项热爱的。这里的爱好和热爱，不是热爱妇女或爱好帅哥哈
一城,6,0,1056,27.6,2026-09-23 22:24,如果你想毕业之后进国企或者混体制内，体育一定要选篮球和太极两门课。先说篮球。篮球是体制内第一位的社交运动，不仅各个单位定期的比赛和工会活动是露脸的绝佳机会，更主要的是能够和领导们有放松状态下接触的好机会。办公室里面，大家衣冠楚楚，领导端着，员工站着，很难培养期深刻的感情。但是在球场上，不论厅长还是科员，都是一身臭汗，情到深处喊出我cao，你们你的感情就培养成了。自己带球可以投不进，但是领导传来的球一定要进，这是不辜负领导的信任。自己可以不进球，但是要给领导助攻，能够给领导提供支持的员工才是好员工。当你把求妙传给领导，领导又在对手假意防守中上篮得分时，瞬间多巴胺的分泌就能达到极致，找回18岁没秃头时的感觉。而在场的每一个人，都将成为他的兄弟。女生是不是就不适合玩篮球了呢？大错特错，这是对体制内篮球的最大误解。打篮球不仅仅是一个运动场，更是一个社交场。办公室里安静的姑娘在球场上英姿飒爽，是任何老登无法抵抗的，女生随便进一个球都比男生扣篮的视觉冲击大。羽毛球和网球就起不到这样的效果，虽然有双打，但是配合起来的体验比篮球差太多了，要么证明你菜，要么是领导菜。所以初涉职场，篮球会成为你和领导打成
未响应,31,0,136,27.6,2026-09-14 11:45,以我校为例，热门课程不能盲目选。当时单科gpa跟排名相关，就导致某些自认为选乒乓球课和羽毛球课很好的同学没有可能拿到A。毕竟你不大可能在有多位省队和青训退役的同学在的情况下夺得前四名。相反的，选择网球或者是高尔夫这种大部分人不会的课程是能在努努力的情况下拿到较好的分数的。
莎莎来了哦,4,0,1714,27.5,2026-09-02 02:07,开学能不能不入团，直接入党？不可以。各位准大一新生，今天我把官方的明文规定、高校的隐形规则，还有最全的时间线一次性给大家讲透。之前发了一个入党流程的视频，有人留言说，网上说群众可以通过两名正式党员的推荐直接入党，成为入党积极分子。这个是不是真的？现在告诉你，几乎没有可能性。大家一定要分清楚关键前提。根据共青团中央2019年的推优入党工作实施办法，明确规定28周岁以下的青年入党，一般先从团员中发展，并且推荐对象必须具备一年以上的团龄。所有在校大学生基本上都在28岁以下，这意味着入党的第一步必须是入团。如果团龄不满一年，连推优入党资格都没有。你们听说的两名党员可以直接推荐入党，一般是针对28周岁以上的社会青年，跟大学生没有关系。大家不要再试图通过不入团直接入党走捷径，这反而会浪费更多时间。为什么这样？给大家简单说一个现象。现在入团名额在不断增加，入党名额在不断压缩，而且审核越来越严格。一个学院一年可能有六七十个入团名额，但党员名额寥寥无几，竞争非常激烈。在这样的环境下，推优入党肯定优先从团员中发展。如果不是团员，基本没有可能性。直白来说，大学如果想入党，必须先入团，必须攒团龄，这是唯一路径
没有剑的剑客,21,1,104,27.2,2026-09-03 08:53,袜子收好。我上大学那时候，我们宿舍除了牙刷和裤衩子，剩下的基本都是公用的。更别说什么沐浴露，洗发水，洗面奶，洗衣液这种东西。就连生活费，都是共享的（捂脸）。谁爹妈给打钱了，就表示今天可以吃一顿好的了。哈哈哈。
CoderKaKa,19,7,29,25.9,2026-09-17 09:23,头顶头发很细的话，去医院皮肤科看看。ps：溢脂性脱发，雄秃
孜孜以求,2,1,260,25.4,2026-09-04 10:36,很多大学信息差，没人会主动告诉你，都是实打实的实用冷知识。福利羊毛别错过：学生身份可以领取各类软件会员优惠，校内数据库、线上图书馆、心理咨询全部免费，善用能省下不少开销。选选修课别光看课程名字，优先找直系学长学姐打听老师真实口碑，重点看三点：考勤严不严、作业量多少、期末给分松紧，远比课程简介靠谱。有的老师讲课有趣但考核苛刻，有的老师课堂平淡但给分宽松，提前摸底能避开很多坑。至于适应新环境，不必强迫自己和所有人熟络。先从室友、同班邻座简单破冰，适度参与社团活动，找到同频的人就足够。大学社交重在质量，不用追求表面热闹。
木木2805,11,3,77,24.7,2026-09-22 21:42,O型血的女孩子，如果和AB型血的男生，生孩子，很容易发生新生儿ABO症，孩子脑缺氧，浑身黄疸等症状，要长时间照蓝光等治疗。并且妈妈再怀孕，流产几率非常大。
尘苌,7,0,289,23.9,2026-09-22 16:08,1.不要太早把自己的经历对舍友和盘托出2.外卖到宿舍楼下要及时去取，真的会被偷（我怀疑我这栋有人特别爱吃手抓饼，我点了几次被连偷了三次……）3.宿舍卫生分配清楚，不然最后就是看不下去的那个人一个人搞卫生4.南方请尽量买全包的床帘，不然每天晚上可以在床上随机刷新出蚊子、蜘蛛，各种不知道名字的虫子（大一的时候买的U型的觉得空间大，但是并没有拉开过几次，反而虫子经常光临）5.选修课可以先了解一下情况再报，不要盲目乱报（大二报了个中华经典文化什么的课程，期末要上台表演诗歌朗诵）6.南方的朋友们放假要把衣服被子收纳好（大一住一楼，放假回来一看床垫、墙壁全发霉了，这个房间霉味特别重）
PigeonTV2333,5,0,175,23.7,2026-09-13 00:31,"Stay Hungry, Stay Foolish Stay Doubtful怎么说呢…拿某个十几年前死于胰腺癌的那个美国糟老头子的话稍微添油加醋了一下至于为啥…你永远都想不到这个冷知识会啥时候用上也不要在交流意见的时候自认为自己很懂更不要无脑相信其他任意信源给出的建议省的被坑，有的时候很明显会更重要小心驶得万年船嘛（（虽说这貌似也压根就不实用…）"
刀马旦,9,2,63,22.3,2026-09-22 22:56,一把青菜3元，一小盒肉5.99，加上一把面条，一小包火锅底料。在北方一个武汉人怎么活了三年，就是这个秘方别问我怎么把它们整熟的
Champion,1,0,650,22.2,2026-09-10 23:12,1.福利那肯定是人人都在用的——学习通。别把学习通只当作完成作业的地方，里面有打折的电影票，还有每天都能领取的无门槛闪购红包，打车卷等等，福利很多，自己去看。2.大学生出去玩有门票打折，甚至某些时候免费。3.高铁有学生票，记得去认证，如果次数用完了，可以去申诉，就能再得一次学生票机会。4.去找你们学校有补贴的外卖群，可以返现。5.校园卡去营业厅办，别相信那些推销的，他们也是吃中间费的。还有不想办校园卡你也可以去网上买个路由器具体去网上搜教程，太多了说不清。6.开学如果是一个人去学校，行李比较多，可以找迎新的学长学姐帮忙，就说你要了解校园卡。7.想要判断哪个老师的课轻松，这应该是选课时面临的疑惑——问前辈。就是你们的学长学姐，开学的时候你们应该会加一些助班学长学姐，各个学校情况不一样，但是你去找你们院系的学长学姐也是一样的效果，一杯奶茶钱就会就会解决你后面会遇到的大部分大学问题，就这么简单，别扣到一杯奶茶钱都不愿意。8.关于交友，我的建议是——谁都先别太熟。大学不像中学，小学时你接触到的人都是跟你一个地区的，大学的人是来自五湖四海，各个省，不同的地方，你不知道他的经历，他的行为习惯，他们
strange757,1,1,572,22.1,2026-10-01 11:29,大众点评有一个橙 V 功能，开通之后可以抽免费霸王餐和买低价团购券。这个功能写几个评价就可以开通，我是直接让 AI 写的评价贴上去就开通了。开通之后就能在这个免费试的界面抽免费套餐，里面大部分都是吃的，还有少部分美容娱乐啥的。不过中奖的概率不是很高吧，非食物类的中奖概率会高一些，因为参与抽奖的人会少一些。像这种吃饭的套餐中奖概率就很低了。我自己抽了近一个月吧，抽到的都是饮品类的，唯一一个吃的是我用券自己兑换的。不过这个抽奖本身也不麻烦，有空了上去点一下就行，所以还是值得开通试一试的。还有就是开通后会有一些橙 V 专享券，里面会有一些非常便宜的套餐。像这种 58 块钱的四人餐啊什么的，真的是很便宜了。不过按我自己的体验来说，这里面虽然有很多便宜的团购套餐，但是分量比一般正常的团购套餐会少一些。也不是说菜量会少吧，就是标的是四人餐，但是如果真四个人来吃的话大概率会不够，两三个人吃就正好。而且有的餐厅虽然便宜但是味道真的一言难尽，算是配得上它这么低的价格。总的来说性价比还是很高的，像一些出名的连锁餐厅有时候也会在上面上架一些低价的券，偶尔去尝一尝还是很不错的。我觉得这个非常适合生活费拮据的大
小小明非,10,0,81,21.1,2026-09-03 21:22,虽然很多人进入大学后疯狂想去竞选部门或者社团负责人。但是只能说背负责任是个需要谨慎的事情。尤其是大学干活学校又不给你钱，纯纯牛马，我还是愿意当个服从组织安排的人。
周周学姐,0,0,577,19.8,2026-09-09 13:54,大学生超实用冷知识：电脑自带「屏幕定时息屏」，不用装任何软件绝大多数大学生Windows 笔记本 / 台式机，都自带一个隐藏功能，能精准设置电脑无人操作自动息屏、锁屏，还能单独控制屏幕关闭时间，不影响电脑睡眠、下载挂课、后台挂机，零软件、无广告、不占内存，90% 学生都不知道。很多人只会调系统整体睡眠时间，导致想挂视频、下载文件时，电脑不敢自动休眠，但屏幕一直亮着费电、伤屏幕、宿舍熄灯后还刺眼。具体操作（Win10/Win11 通用，超简单）电脑左下角搜索框输入电源和睡眠设置，点开系统设置页面；下滑找到其他电源设置，点击进入；左侧选择更改计划设置→更改高级电源设置；在弹窗里找到显示选项，展开： 关闭显示器的时间：可单独设置（比如 5 分钟无人操作息屏）系统睡眠：设置为从不核心实用价值（专治大学生痛点）挂课、刷网课、下载文件刚需：电脑后台持续运行不中断，屏幕自动熄灭，省电又保护屏幕；宿舍熄灯适配：夜间电脑不用一直亮屏刺眼，避免影响室友休息；防窥保隐私：离开座位几分钟自动息屏，不用手动锁屏，杜绝同学误看桌面、消息；延长设备寿命：大学生电脑大多要用 4 年，长期常亮屏幕会加速屏幕老化、烧屏，
ChemDraft,0,0,1086,19.6,2026-09-17 14:16,想快速在新环境中交到朋友吗？有没有想过，几根青草就可以你获得更多信任？2019年发表在Frontiers in Psychology（心理学期刊）的一篇文章可能会给你带来不一样的启示——这篇文章叫做“气味的微妙信号力量：一种被掩盖的气味增强人际信任”（The Subtle Signaling Strength of Smells: A Masked Odor Enhances Interpersonal Trust）。研究人员并没有合成新分子，而是以一种我们生活中常见的气味分子为研究目标——己醛（hexanal）在目前已知的研究中，人们已经了解到：薰衣草气味能增强信任；人体气味中的某些化合物能降低压力，具有安抚效果，可以帮助建立信任感而“己醛”恰恰就是两种气味的叫交集，它不仅存在于薰衣草中，还存在于我们的皮肤气味中。己醛更常见的存在，是在刚割下来的青草、被揉碎的叶片中，那种新鲜的青草气息，就是“己醛”的气味。为了研究己醛对信任度的影响，实验人员准备了三种气味：己醛，丁香，以及被丁香气味掩盖的己醛。第一项实验中，90名女性志愿者随机分配到三种气味条件之一，然后将手中的10欧元随机转给陌生
风过山,3,0,81,19.4,2026-09-22 10:22,关注一下动态（就问你同班的学生会成员就行），有领导来视察时一定去食堂吃饭，那可能是仅有几次比较好吃的时候（起码我们学校是，干到后来大中午都没几个人在那个食堂吃了）
青流云,2,0,47,19.0,2026-09-20 15:35,给你一个很有用的建议，别在一开始就展现自己的与众不同，除非有很大的利益，不然你就等着当苦工吧。
三花聚顶,2,0,144,18.7,2026-09-21 19:13,就业方面的吧。党员身份的应届生或许会解锁一些机遇。1*新疆的内招公务员or西藏的国企（部分学校内部通知）， 只面试。2*普通选调生报名解锁。（党员身份、一年以上班长经历、学生会有聘书的主要干部、国家奖学金一次、退伍军人身份其一即可）不同省份略有差异。3*团员或党员身份，解锁国考警察岗位。
王昔,9,1,18,18.6,2026-09-03 08:37,遇到劳动纠纷，从星宇辞退事件找灵感。
Only one.,7,3,6,18.5,2026-08-31 21:13,不要盲目热心
zero,7,0,44,17.4,2026-08-31 16:46,1.宿舍少说话，多观察，可以省去很多麻烦。2.有些事秉着佛系心态，看淡些，大学能轻松点。
睡不着,0,0,895,17.2,2026-10-02 17:13,冷知识哪里止一个，我简直恨铁不成刚，如果你不打算拿奖学金，社团，学生会那些是不用加的，说实话，只要加入了，就是免费劳动力，只会浪费时间如果你是专科，打算专插本，那第3年实习的时候，学校会提供一些校内实习岗位，专门针对想专插本的同学开放的，基本上就是组织一些学校活动，帮老师处理一些事情，然后也会有一定的补贴，但不多1. 选择性自由，要是你不打算评奖评优、不当班委、不加社团和学生会，那只要保证考试不挂科，你在大学基本就是自由的，没人能约束你，辅导员也没法拿这些事情拿捏你，差不多属于很难被“盯上”的状态。2. 不要对卖校园卡的学长学姐抱有太大偏见，大部分人就只是想赚点生活费，只要套餐划算、不会被坑，办一张也没问题，而且完全不是强制办理。但要是有人跟你说，不办校园卡后面办事会各种麻烦，那就是把你当萌新忽悠，听听就好。3. 上了大学，就“轻松”了，很多人都说大学很轻松，说实话，学业压力对比高中，确实会轻一点点。但你慢慢会发现，累根本不是身体上那种疲惫，更多是没完没了的精神内耗。可能因为一件小事、一个难相处的人，或是不讲理的老师，就陷入焦虑生气。4. 大学里是有校内岗位的，也就是勤工俭学，名义上是
市精神病院陈主任,6,1,13,16.6,2026-09-17 06:07,文科请入学就准备考公考编!
面壁者,1,0,35,16.3,2026-09-23 03:07,我有一个绝对有用的经验，但又担心你吃苦又担心你开路虎，所以我不写了微笑
踏雪夜行,0,0,424,16.1,2026-10-01 22:31,上网玩抽象不要带入线下，如果做不到那上网的时候也别玩抽象。现在的大学生应该绝大部分是00后，相当部分是05后，智能手机和移动互联网的普及是他们成长中自然的一部分，而不是后来出现的新事物。凡事都有两面性，较早链接网络既带来了更开阔的视野、更丰富的知识，也带来了更激烈的情绪、更多的矛盾冲突。由于线上线下的界限不再像前人一样分明，大学生在网上沾染的习性很容易渗透线下。大学生们有必要回顾一下线上线下的区别：线上你是匿名的，线下你是实名的；线上的世界很大，大可以拉黑跑路，实在不行就退网，而线下很小，换个城市乃至换个国家都没那么容易，整个人生可能就此改变，更别提过激分子让你退出生物圈的风险了。因此，无论说话还是做事，一定要三思，不要随便就哈气，发现不对又求饶，那是哈基米的思维。我们正从狂飙突进的时代转向一个更为平稳的时代，很多时候你只要比别人少犯点错误，多一些谨慎，你的对手会自己翻车的。记住，兔子当然比乌龟跑得快，但乌龟基本没有撞死在树桩上的风险。
好好学习,2,0,45,15.8,2026-09-22 12:28,21世纪是从2001年1月1日开始的所以00年出生的00后和我们90后中登是一个世纪出生的
吾乃天之饺子,3,0,52,14.6,2026-09-19 00:43,部门社团这些，如果你的学长学姐人不是特别好的话，不要妄想和他们成为朋友，和你同届的人成为朋友的可能性更大
ckQ0bFA0eE4zbEcx,3,0,38,13.8,2026-09-20 20:52,github copilot有学生优惠，可以在vscode上用他家agent
燃烧,2,1,25,13.3,2026-09-22 19:58,开水不能直接喝，容易烫伤嘴唇空腹不宜进食，对胃不好
Mr.Yang,1,0,11,11.9,2026-09-03 07:46,找个靠谱的导师，做短线
青阳qq,2,0,16,11.1,2026-09-20 14:11,好好刷牙，可以为自己省下很多钱。
dage1210,0,0,53,8.2,2026-09-28 19:32,心情不好的时候不要呆在宿舍，出去走走，吃喝玩乐都行一时的不如意事后看来都是微不足道，只要你保持一颗上进的心
零露爱丽丝,0,0,26,6.6,2026-09-14 09:53,学生工作是党委主管，很多问题应该去找书记而不是院长。
leo van,0,0,12,5.7,2026-09-03 08:08,你是上大学了，不是发财了
核桃大帝,0,0,3,5.2,2026-09-23 15:51,买纳指
